seed,macro_f1,micro_f1,samples_f1,exact_match,hamming_loss,avg_pred_labels
101,0.862365893497542,0.935331230283912,0.946729279947273,0.837370242214533,0.0189158016147636,1.45559400230681
202,0.87407898778084,0.947117296222664,0.956516724336793,0.867358708189158,0.0153402537485582,1.43137254901961
303,0.860682556883079,0.949232585596222,0.956005931784479,0.873125720876586,0.014878892733564,1.46136101499423
