,mean,std,min,max
macro_f1,0.8657091460538203,0.007297197642994033,0.860682556883079,0.87407898778084
micro_f1,0.943893704034266,0.007490365800653429,0.935331230283912,0.949232585596222
samples_f1,0.953083978689515,0.005509253518977346,0.946729279947273,0.956516724336793
exact_match,0.859284890426759,0.019196444033556134,0.837370242214533,0.873125720876586
hamming_loss,0.016378316032295264,0.0022096013910805528,0.014878892733564,0.0189158016147636
avg_pred_labels,1.4494425221068834,0.015912496798595136,1.43137254901961,1.46136101499423
