run_id,variant,num_exits,tap_blocks_json,tau,temperatures_json,policy_test_acc,avg_exit_depth,exit_mix_json,expected_mflops,full_mflops,compute_saving_pct,ece_policy,n_mels,frames,num_classes,device,segment_sec,hop_sec,exit_e1,exit_e2,exit_e3,exit_e4,exit_e5
3exit_greedy_001,3exit_greedy,3,"[1, 3]",0.95,"[1.0420550107955933, 0.7606421709060669, 1.10463285446167]",0.9753846153846154,1.9815384615384615,"{""e1"": 0.3630769230769231, ""e2"": 0.2923076923076923, ""e3"": 0.3446153846153846}",23.861081796923074,51.628288,53.78293040256714,0.018621584177017224,64,101,2,cpu,1,0.5,0.3630769230769231,0.2923076923076923,0.3446153846153846,,
3exit_greedy_hint_001,3exit_greedy_hint,3,"[1, 3]",0.92,"[1.0246371030807495, 0.9720087051391602, 1.2185401916503906]",0.9907692307692307,1.8953846153846154,"{""e1"": 0.38461538461538464, ""e2"": 0.3353846153846154, ""e3"": 0.28}",21.359991532307692,51.628288,58.62734876603366,0.030522947036303018,64,101,2,cpu,1,0.5,0.38461538461538464,0.3353846153846154,0.28,,
5exit_greedy_001,5exit_greedy,5,"[1, 2, 3, 4]",0.92,"[0.9593726396560669, 0.7710453271865845, 0.8340956568717957, 0.8926781415939331, 0.7498780488967896]",0.9846153846153847,2.4492307692307693,"{""e1"": 0.38153846153846155, ""e2"": 0.13230769230769232, ""e3"": 0.23076923076923078, ""e4"": 0.16615384615384615, ""e5"": 0.08923076923076922}",16.18767094153846,51.628288,68.64573363048865,0.03145145581318781,64,101,2,cpu,1,0.5,0.38153846153846155,0.13230769230769232,0.23076923076923078,0.16615384615384615,0.08923076923076922
5exit_greedy_hint_001,5exit_greedy_hint,5,"[1, 2, 3, 4]",0.95,"[1.1243188381195068, 0.9216340780258179, 0.839404284954071, 0.7880018949508667, 0.8892953991889954]",0.9723076923076923,3.1046153846153848,"{""e1"": 0.055384615384615386, ""e2"": 0.38769230769230767, ""e3"": 0.13846153846153847, ""e4"": 0.23384615384615384, ""e5"": 0.18461538461538463}",24.099281723076924,51.628288,53.32155557225349,0.020808951396208513,64,101,2,cpu,1,0.5,0.055384615384615386,0.38769230769230767,0.13846153846153847,0.23384615384615384,0.18461538461538463
