Method,Macro-F1,Micro-F1,Samples-F1,Exact Match,Hamming Loss ↓,Avg pred labels
v0.8 mean-all baseline,0.7800964181720527,0.9331742243436754,0.9405997693194924,0.839677047289504,0.0193771626297577,1.4302191464821223
v0.8 simple event-max,0.8320465460492906,0.9285435376805936,0.9375130444334596,0.8235294117647058,0.0211072664359861,1.4844290657439447
v0.9 frozen frequency map,0.8511660374073065,0.9372056514913658,0.9481627945295764,0.8419838523644751,0.0184544405997693,1.469434832756632
v0.9 frozen + Gary mean,0.851767541166705,0.9374262101534828,0.9463942439720986,0.8431372549019608,0.0183391003460207,1.4613610149942329
LATS-v0.9 final frozen config,0.8667076472087315,0.9435897435897436,0.9495084308233096,0.8523644752018454,0.0164936562860438,1.4544405997693195
