method,macro_f1_mean,macro_f1_std,micro_f1_mean,micro_f1_std,samples_f1_mean,samples_f1_std,exact_match_mean,exact_match_std,hamming_loss_mean,hamming_loss_std,avg_predicted_labels_mean,avg_true_labels_mean
max_fixed_thresholds,0.7186842581063525,0.01714474567893674,0.8199568266748853,0.0058098815510887955,0.8418855606758833,0.006149823515812737,0.5097926267281105,0.016929893761444808,0.06316820276497695,0.0023761194589813667,2.0370967741935484,1.4710829493087556
mean_fixed_thresholds,0.7801573349975076,0.007125709966504371,0.9314593707827106,0.006875904146274076,0.9391705069124423,0.006523446195878954,0.8370967741935484,0.015807049117217895,0.019873271889400922,0.0020728903886594557,1.4274193548387095,1.4710829493087556
top2mean_fixed_thresholds,0.802329277389223,0.01702905451013445,0.8883892651053011,0.0071069370201225154,0.9060302830809743,0.006913746325281986,0.692741935483871,0.020868625226120863,0.035829493087557604,0.0025944892167258185,1.7376728110599078,1.4710829493087556
v06_calibration_selected_aggregation_fixed_thresholds,0.8310200630106965,0.013474436022713764,0.9344681448783033,0.006154375385328008,0.9448869870528857,0.005296090501364588,0.8367511520737327,0.0152157313187521,0.019262672811059908,0.0018843955634839083,1.4673963133640553,1.4710829493087556
v07_aggregation_threshold_calibrated,0.8319072059241087,0.015797077039512476,0.9288143345283537,0.008030204662636601,0.9363007461048936,0.00887496392162304,0.8185483870967742,0.02091677285368869,0.02079493087557604,0.0024486292363262003,1.4486175115207374,1.4710829493087556
