model,threshold_mode,aggregation,split,exit,parent_clips,macro_f1,micro_f1,samples_f1,exact_match,hamming_loss,jaccard_score,avg_true_labels,avg_pred_labels
main_v010_no_hint_posweight_cap5_seed_101202303_20260705_112722,fixed_0p5,mean,final_raw_holdout_parent_level,1,867,0.3399934053565054,0.5642438856355494,0.5478002965892239,0.23414071510957324,0.1459054209919262,0.4653210303729335,1.469434832756632,1.8788927335640138
main_v010_no_hint_posweight_cap5_seed_101202303_20260705_112722,fixed_0p5,mean,final_raw_holdout_parent_level,2,867,0.6510810415497165,0.7517680339462518,0.7666941286318448,0.47058823529411764,0.0809688581314879,0.6929065743944637,1.469434832756632,1.792387543252595
main_v010_no_hint_posweight_cap5_seed_101202303_20260705_112722,fixed_0p5,mean,final_raw_holdout_parent_level,3,867,0.800915404809816,0.8939169139465876,0.9087933212500686,0.7231833910034602,0.03298731257208766,0.8658208381391773,1.469434832756632,1.6401384083044983
