run_id,variant,num_exits,tap_blocks_json,tau,temperatures_json,policy_test_acc,avg_exit_depth,exit_mix_json,expected_mflops,full_mflops,compute_saving_pct,ece_policy,n_mels,frames,num_classes,device,segment_sec,hop_sec,exit_e1,exit_e2,exit_e3,exit_e4,exit_e5
3exit_greedy_001,3exit_greedy,3,"[1, 3]",0.95,"[1.0420550107955933, 0.7606421709060669, 1.10463285446167]",0.9753846153846154,1.9815384615384615,"{""e1"": 0.3630769230769231, ""e2"": 0.2923076923076923, ""e3"": 0.3446153846153846}",23.861081796923074,51.628288,53.78293040256714,0.018621584177017224,64,101,2,cpu,1,0.5,0.3630769230769231,0.2923076923076923,0.3446153846153846,,
3exit_greedy_hint_001,3exit_greedy_hint,3,"[1, 3]",0.92,"[1.0246371030807495, 0.9720087051391602, 1.2185401916503906]",0.9907692307692307,1.8953846153846154,"{""e1"": 0.38461538461538464, ""e2"": 0.3353846153846154, ""e3"": 0.28}",21.359991532307692,51.628288,58.62734876603366,0.030522947036303018,64,101,2,cpu,1,0.5,0.38461538461538464,0.3353846153846154,0.28,,
5exit_greedy_001,5exit_greedy,5,"[1, 2, 3, 4]",0.95,"[1.2341337203979492, 1.1467100381851196, 0.5560668706893921, 0.8018736839294434, 0.7650884389877319]",0.9907692307692307,2.6369230769230767,"{""e1"": 0.3569230769230769, ""e2"": 0.03076923076923077, ""e3"": 0.35384615384615387, ""e4"": 0.13538461538461538, ""e5"": 0.12307692307692308}",17.940135975384614,51.628288,65.25134442694552,0.028352666451380817,64,101,2,cpu,1,0.5,0.3569230769230769,0.03076923076923077,0.35384615384615387,0.13538461538461538,0.12307692307692308
5exit_greedy_hint_001,5exit_greedy_hint,5,"[1, 2, 3, 4]",0.92,"[1.0982310771942139, 0.8997442722320557, 0.8018799424171448, 1.0007244348526, 1.0026189088821411]",0.9723076923076923,2.4646153846153847,"{""e1"": 0.3723076923076923, ""e2"": 0.13538461538461538, ""e3"": 0.2676923076923077, ""e4"": 0.10461538461538461, ""e5"": 0.12}",16.66406774153846,51.628288,67.72298988194522,0.03077943453421958,64,101,2,cpu,1,0.5,0.3723076923076923,0.13538461538461538,0.2676923076923077,0.10461538461538461,0.12
