run_id,variant,tau,temp_e1,temp_e2,temp_e3,policy_test_acc,exit_e1,exit_e2,exit_e3,expected_mflops,full_mflops,compute_saving_pct,ece_policy,n_mels,frames,num_classes,device,segment_sec,hop_sec
v0_1_001,v0.1,0.92,0.936334490776062,1.1550763845443726,0.8274151682853699,0.9569230769230769,0.39384615384615385,0.11076923076923077,0.49538461538461537,18.10464374153846,31.353088,42.25562808505988,0.03263844389181867,64,101,2,cpu,1,0.5
v0_1_002,v0.1,0.92,0.936334490776062,1.1550763845443726,0.8274151682853699,0.9569230769230769,0.39384615384615385,0.11076923076923077,0.49538461538461537,18.10464374153846,31.353088,42.25562808505988,0.03263844389181867,64,101,2,cpu,1,0.5
v0_1_003,v0.1,0.92,0.936334490776062,1.1550763845443726,0.8274151682853699,0.9569230769230769,0.39384615384615385,0.11076923076923077,0.49538461538461537,18.10464374153846,31.353088,42.25562808505988,0.03263844389181867,64,101,2,cpu,1,0.5
v0_1_004,v0.1,0.92,0.936334490776062,1.1550763845443726,0.8274151682853699,0.9569230769230769,0.39384615384615385,0.11076923076923077,0.49538461538461537,18.10464374153846,31.353088,42.25562808505988,0.03263844389181867,64,101,2,cpu,1,0.5
v0_2_002,v0.2,,0.936334490776062,1.1550763845443726,0.8274151682853699,0.9107692307692308,0.0,0.8553846153846154,0.14461538461538462,18.739819126153844,31.353088,40.22974985381394,,64,101,2,cpu,1,0.5
v0_2_002,v0.2,,0.936334490776062,1.1550763845443726,0.8274151682853699,0.8953846153846153,0.796923076923077,0.11076923076923077,0.09230769230769231,6.217344196923077,31.353088,80.16991437359192,,64,101,2,cpu,1,0.5
